{
  "Hotkeys": [
    {
      "HotkeyInfo": {
        "Hotkey": "PrintScreen, Control",
        "Win": false
      },
      "TaskSettings": {
        "Description": "",
        "Job": "RectangleRegion",
        "UseDefaultAfterCaptureJob": true,
        "AfterCaptureJob": "CopyImageToClipboard, SaveImageToFile, UploadImageToHost",
        "UseDefaultAfterUploadJob": true,
        "AfterUploadJob": "CopyURLToClipboard",
        "UseDefaultDestinations": true,
        "ImageDestination": "Imgur",
        "ImageFileDestination": "Dropbox",
        "TextDestination": "Pastebin",
        "TextFileDestination": "Dropbox",
        "FileDestination": "Dropbox",
        "URLShortenerDestination": "BITLY",
        "URLSharingServiceDestination": "Email",
        "OverrideFTP": false,
        "FTPIndex": 0,
        "OverrideCustomUploader": false,
        "CustomUploaderIndex": 0,
        "OverrideScreenshotsFolder": false,
        "ScreenshotsFolder": "",
        "UseDefaultGeneralSettings": true,
        "GeneralSettings": null,
        "UseDefaultImageSettings": true,
        "ImageSettings": null,
        "UseDefaultCaptureSettings": true,
        "CaptureSettings": null,
        "UseDefaultUploadSettings": true,
        "UploadSettings": null,
        "UseDefaultActions": true,
        "ExternalPrograms": null,
        "UseDefaultToolsSettings": true,
        "ToolsSettings": null,
        "UseDefaultAdvancedSettings": true,
        "AdvancedSettings": null,
        "WatchFolderEnabled": false,
        "WatchFolderList": []
      }
    },
    {
      "HotkeyInfo": {
        "Hotkey": "PrintScreen",
        "Win": false
      },
      "TaskSettings": {
        "Description": "",
        "Job": "PrintScreen",
        "UseDefaultAfterCaptureJob": true,
        "AfterCaptureJob": "CopyImageToClipboard, SaveImageToFile, UploadImageToHost",
        "UseDefaultAfterUploadJob": true,
        "AfterUploadJob": "CopyURLToClipboard",
        "UseDefaultDestinations": true,
        "ImageDestination": "Imgur",
        "ImageFileDestination": "Dropbox",
        "TextDestination": "Pastebin",
        "TextFileDestination": "Dropbox",
        "FileDestination": "Dropbox",
        "URLShortenerDestination": "BITLY",
        "URLSharingServiceDestination": "Email",
        "OverrideFTP": false,
        "FTPIndex": 0,
        "OverrideCustomUploader": false,
        "CustomUploaderIndex": 0,
        "OverrideScreenshotsFolder": false,
        "ScreenshotsFolder": "",
        "UseDefaultGeneralSettings": true,
        "GeneralSettings": null,
        "UseDefaultImageSettings": true,
        "ImageSettings": null,
        "UseDefaultCaptureSettings": true,
        "CaptureSettings": null,
        "UseDefaultUploadSettings": true,
        "UploadSettings": null,
        "UseDefaultActions": true,
        "ExternalPrograms": null,
        "UseDefaultToolsSettings": true,
        "ToolsSettings": null,
        "UseDefaultAdvancedSettings": true,
        "AdvancedSettings": null,
        "WatchFolderEnabled": false,
        "WatchFolderList": []
      }
    },
    {
      "HotkeyInfo": {
        "Hotkey": "PrintScreen, Alt",
        "Win": false
      },
      "TaskSettings": {
        "Description": "",
        "Job": "ActiveWindow",
        "UseDefaultAfterCaptureJob": true,
        "AfterCaptureJob": "CopyImageToClipboard, SaveImageToFile, UploadImageToHost",
        "UseDefaultAfterUploadJob": true,
        "AfterUploadJob": "CopyURLToClipboard",
        "UseDefaultDestinations": true,
        "ImageDestination": "Imgur",
        "ImageFileDestination": "Dropbox",
        "TextDestination": "Pastebin",
        "TextFileDestination": "Dropbox",
        "FileDestination": "Dropbox",
        "URLShortenerDestination": "BITLY",
        "URLSharingServiceDestination": "Email",
        "OverrideFTP": false,
        "FTPIndex": 0,
        "OverrideCustomUploader": false,
        "CustomUploaderIndex": 0,
        "OverrideScreenshotsFolder": false,
        "ScreenshotsFolder": "",
        "UseDefaultGeneralSettings": true,
        "GeneralSettings": null,
        "UseDefaultImageSettings": true,
        "ImageSettings": null,
        "UseDefaultCaptureSettings": true,
        "CaptureSettings": null,
        "UseDefaultUploadSettings": true,
        "UploadSettings": null,
        "UseDefaultActions": true,
        "ExternalPrograms": null,
        "UseDefaultToolsSettings": true,
        "ToolsSettings": null,
        "UseDefaultAdvancedSettings": true,
        "AdvancedSettings": null,
        "WatchFolderEnabled": false,
        "WatchFolderList": []
      }
    },
    {
      "HotkeyInfo": {
        "Hotkey": "PrintScreen, Shift",
        "Win": false
      },
      "TaskSettings": {
        "Description": "",
        "Job": "ScreenRecorder",
        "UseDefaultAfterCaptureJob": true,
        "AfterCaptureJob": "CopyImageToClipboard, SaveImageToFile, UploadImageToHost",
        "UseDefaultAfterUploadJob": true,
        "AfterUploadJob": "CopyURLToClipboard",
        "UseDefaultDestinations": true,
        "ImageDestination": "Imgur",
        "ImageFileDestination": "Dropbox",
        "TextDestination": "Pastebin",
        "TextFileDestination": "Dropbox",
        "FileDestination": "Dropbox",
        "URLShortenerDestination": "BITLY",
        "URLSharingServiceDestination": "Email",
        "OverrideFTP": false,
        "FTPIndex": 0,
        "OverrideCustomUploader": false,
        "CustomUploaderIndex": 0,
        "OverrideScreenshotsFolder": false,
        "ScreenshotsFolder": "",
        "UseDefaultGeneralSettings": true,
        "GeneralSettings": null,
        "UseDefaultImageSettings": true,
        "ImageSettings": null,
        "UseDefaultCaptureSettings": true,
        "CaptureSettings": null,
        "UseDefaultUploadSettings": true,
        "UploadSettings": null,
        "UseDefaultActions": true,
        "ExternalPrograms": null,
        "UseDefaultToolsSettings": true,
        "ToolsSettings": null,
        "UseDefaultAdvancedSettings": true,
        "AdvancedSettings": null,
        "WatchFolderEnabled": false,
        "WatchFolderList": []
      }
    },
    {
      "HotkeyInfo": {
        "Hotkey": "PrintScreen, Shift, Control",
        "Win": false
      },
      "TaskSettings": {
        "Description": "",
        "Job": "ScreenRecorderGIF",
        "UseDefaultAfterCaptureJob": true,
        "AfterCaptureJob": "CopyImageToClipboard, SaveImageToFile, UploadImageToHost",
        "UseDefaultAfterUploadJob": true,
        "AfterUploadJob": "CopyURLToClipboard",
        "UseDefaultDestinations": true,
        "ImageDestination": "Imgur",
        "ImageFileDestination": "Dropbox",
        "TextDestination": "Pastebin",
        "TextFileDestination": "Dropbox",
        "FileDestination": "Dropbox",
        "URLShortenerDestination": "BITLY",
        "URLSharingServiceDestination": "Email",
        "OverrideFTP": false,
        "FTPIndex": 0,
        "OverrideCustomUploader": false,
        "CustomUploaderIndex": 0,
        "OverrideScreenshotsFolder": false,
        "ScreenshotsFolder": "",
        "UseDefaultGeneralSettings": true,
        "GeneralSettings": null,
        "UseDefaultImageSettings": true,
        "ImageSettings": null,
        "UseDefaultCaptureSettings": true,
        "CaptureSettings": null,
        "UseDefaultUploadSettings": true,
        "UploadSettings": null,
        "UseDefaultActions": true,
        "ExternalPrograms": null,
        "UseDefaultToolsSettings": true,
        "ToolsSettings": null,
        "UseDefaultAdvancedSettings": true,
        "AdvancedSettings": null,
        "WatchFolderEnabled": false,
        "WatchFolderList": []
      }
    }
  ],
  "ApplicationVersion": "18.0.1"
}